group_id,post_id,comment_id,text,likes
162413784,1411019,1411020,Разве уже не отменили?,4
162413784,1411019,1411021,жесть(,0
162413784,1411019,1411029,☹️,0
162413784,1411000,1411010,"ОГО УЖЕ МИЛЛИАРД ТАК СКОРО 
Только ведь недавно вышло о_о",37
162413784,1411000,1411007,"ух ты, поздравляю☺ 🤝",4
162413784,1411000,1411028,"жаль, что после такого, победу розэ считают странной :(
пс: я обожаю супернову и апт, но результаты на лицо",0
162413784,1411000,1411036,"У Сая же соло, это разные категории",0
162413784,1410994,1411008,"бантан не продвигаются как группа и всё равно на 6 месте, ну настоящие легенды 🤭💜✨",12
162413784,1410994,1411003,Бантаны!💜,6
162413784,1410994,1410998,БП и Бэнги🤩👑,3
162413784,1410994,1411001,Hyun Bin неожиданно залетел в список. Вроде не было новых драмм с ним.,0
162413784,1410981,1410991,"Работать с Усоком захотелось еще сильнее. «Окей Гугл, Как устроиться в Varo Entertainment без знания корейского»",67
162413784,1410981,1410987,Какой молодец 🥺🥺💛💛💛,5
162413784,1410981,1411034,"Это ж сколько вон стоит айфон, что его можно было купить стольким людям",3
162413784,1410981,1411016,А можно мне в это агенство,1
162413784,1410981,1411013,,0
162413784,1410850,1410861,арми🤝выводить старые песни бтс на 1 место,134
162413784,1410850,1410872,"Арми такие: сюрпрайз, беатч🤌
Блю сайд моя особенная любовь. Слушая песню, я как будто очень хорошо понимаю Хо и становлюсь ближе к нему. Спасибо ему, что решил выпустить полную версию💙",71
162413784,1410850,1410854,Congratulations King👑💜,49
162413784,1410850,1410874,"Рада, что об этом шедевре помнят, потому что лично для меня это моя одна из самых любимых песен во всей дискографии 🫶🏼🩵
Эта песня действительно многое значит для меня и занимает особое место в моём сердце. 
А вообще я влюблена в это видео. Кажется, что ты прям погружаешься в глубину океана, и ощущение присутствия в этой самой воде, как будто ты там, среди мифических рыб и русалок. 

Blue side в урбанском диалекте означает неразделённое чувство любви. А само слово blue ещё можно интерпретировать не только как «синий», но и как «грусть». И отрывок из песни можно перевести, как «грустно, что юности больше нет». Так красиво, так шикарно, так эстетично и атмосферно🌊💙",40
162413784,1410850,1410873,Вот за это я и люблю фандом арми 🔥🔥 просто лучшие 💜💜💜,39
162413784,1410793,1410798,"ура, снова великолепный голос Юнджин🛐✨",31
162413784,1410793,1410824,"У нее столько коллабов и соло выходит, которые она еще и сама пишет… соло-королева",30
162413784,1410793,1410845,"Медузы в крэйзи были не просто так)) 
Юджин мега талантливая 💗",10
162413784,1410793,1410820,"Я слишком люблю эстетику медуз
И очень люблю голос Юджин
Это комбо🫂",5
162413784,1410793,1410868,"Очень рада, что она продолжает выпускать новую музыку🩵Может как-нибудь компания и на полноценный сольник расщедрится",0
162413784,1410783,1410865,Как трогательно 😭😭😭,38
162413784,1410783,1410800,,20
162413784,1410783,1410867,Скучаю по их паре🥹🥹,17
162413784,1410783,1410863,,2
162413784,1410783,1410985,НУ НАШИ😭💔💔💔,1
162413784,1410721,1410737,Хангёль? Господи когда этому парню уже повезет? Ни одного наверное нет кто прошел бы столько шоу на выживание,56
162413784,1410721,1410740,"Да уж, оставить в пролете Хон Сон Мина, Мин Джэ, Лин Ци и взять Ши Хуана, Син Че и Да Ыля, китайцы просто без слов конечно (ладно одно бревно, но чтобы 3). Ну прям солянка группа получилось, по мне так выглядит так себе. А я ещё жаловалась на состав Project 7. Вот и смотри после этого шоу на выживания, основной аудиторией которой является Китай. Просто хочется пожелать удачи ребятам из Fantasy Boys и Bae173, какие же там все таки талантливые ребята)",17
162413784,1410721,1410729,"ДЖУНХЕК, БОЖЕ!!! Ты заслужил счастья после Мирэ ❤️",13
162413784,1410721,1410877,"Бедный Хангель... у меня до сих пор травма после Х1, надеюсь в этот раз ему повезет намного больше, но снова группа на шоу выживание...боже",11
162413784,1410721,1410810,"ХАНГЁЛЬ 😭😭😭😭😭
Я чуть не заплакала, когда увидела его имя в списке. Пожалуйста, будь группа успешна, Хангёли заслужил 😭😭😭😭😭",10
162413784,1410670,1410682,"Не одобряю, но и не сочувствую.",250
162413784,1410670,1410726,"Фанаты нд с синдромом жертвы,плохое поведение своих они сразу назвали хайбстенами😅хватит уже винить во всем других",208
162413784,1410670,1410674,"А ведь аэропорты предлагали открыть отдельный вход для знаменитостей. Но нетезенам это не понравилось, а такая хорошая идея была!🤷‍♀️ Нетезены писали, что это их оскорбляет, ведь знаменитости получают привилегии, хотя открытие отдельного входа и для обычных людей была бы польза, не было бы столкновений и тд
Ну пускай теперь мхд их защищает, если они говорят, что ушли от компании. Посмотрим что именно мхд сделает для защиты нд",198
162413784,1410670,1410671,"Ситуация с Ханни и Минджи показывает насколько важно уважать личное пространство айдолов. Они такие же люди, как и мы, и не заслуживают такого стресса. Если вы называете себя их поклонниками вы должны поддерживать и защищать их а не создавать опасные и неприятные ситуации. Надеюсь родители примет меры для обеспечения их безопасности в будущем.",142
162413784,1410670,1410684,"Что за чушь тут распространяют? Видео с аэропорта для всех находится в доступе, девочек ругали, что они подарки не берут, когда на них толпа нахлынула 😳 там даже не было, чтобы ханни куда-то выгоняли... кто тут свою фантазию распространяет...",105
33654179,2916708,2916709,это же буквально корейский шаман😭 даже штаны такие же,11
33654179,2916708,2916712,"не знаю, где они не видели такого ёнуна, когда ещё с танца под after like айв было понятно, какой он 💅🏻 просто жанр отличается",4
33654179,2916708,2916710,"Если бы военное положение не остановили, он бы даже не смог провести такой концерт... Он действительно живет в своем собственном пузыре.

никто б не смог бы. 😐 Он действительно живет в своем собственном пузыре. [вы как будто нет.  ]",3
33654179,2916708,2916721,"Комментарии писали мужики, пон))",3
33654179,2916708,2916734,Орнула с заголовка,0
33654179,2916627,2916632,"офигеть... я до сих пор слушаю ее японский альбом и stand up и не могу насладиться

жду ее возвращения 🤧",16
33654179,2916627,2916648,"вау, я так рада этой новости, один из любимых голосов соло-артистов🥰
буду рада послушать",4
33654179,2916627,2916653,Она еще в см?,0
33654179,2916627,2916724,"Я думала, что уже не дождусь ее новых песен. Так много лет прошло...",0
33654179,2916589,2916591,Было бы чудесно наконец увидеть его в еще одной дораме,24
33654179,2916589,2916594,"юнхо чудесный, очень надеюсь, что это окажется правдой",22
33654179,2916589,2916593,"Да, пожалуйста😭",6
33654179,2916589,2916628,Было бы замечательно! 👍 мы давно в ожидании Юно актёра!,5
33654179,2916589,2916592,Даёшь камбэк актерский 🥹,4
33654179,2916583,2916614,Страшные новости...,0
33654179,2916572,2916579,Лучше всего отменить мероприятие соболезную всем семьям погибших....,28
33654179,2916572,2916573,"Приношу свои соболезнования всем семьям и близким погибших! 

Я беспокоюсь насчет айдолов и других звёзд которые были на ааа. Они уже вернулись в Корею или улетели оттуда?",17
33654179,2916572,2916574,возможность переноса невозможна?,0
33654179,2916572,2916597,Ужасная катастрофа😔Приношу искренние соболезнования всем семьям погибших...,0
33654179,2916544,2916554,какой же хакен красавец 🥹,4
33654179,2916544,2916642,,0
33654179,2916544,2916738,Со Джи Соп просто краш 🥰 еще со времен Каина и Авеля,0
33654179,2916430,2916601,Почему Мина взяла best new actress? она же уже лет 5-6 снимается? Или это по-другому работает?,2
33654179,2916424,2916458,"Какая же прекрасная тенденция пошла, возвращение старых/распавшихся групп, даже если это разовые ""акции"" для фанатов это отличный подарок.",68
33654179,2916424,2916494,"весь к-поп воссоединяется ради фанатов, да думаю и деньги с хайпом не последнюю роль играют и только дбск даже на своё 20летие игнорируют существование друг друга, серьёзно, первый из них кто выпустит мемуары с почасовым описанием событий той ср@чки срубит денег",21
33654179,2916424,2916432,Ура это будет шикарно,6
33654179,2916424,2916447,"Очень понравилось выступление, и сама группа в целом!😍",4
33654179,2916424,2916433,,0
33654179,2916420,2916422,"Мне кажется я Лео из виду упустила немного... Просто знала что он в этом лейбле, но вообще он мимо меня шёл, по этому даже не знаю расстроится мне, или какую эмоцию выдать....",5
33654179,2916420,2916481,Интересно куда пойдет Лео в какую компанию,5
33654179,2916412,2916413,,2
33654179,2916412,2916467,Любимые ❤,0
33654179,2916412,2916732,урааа!!!!,0
33654179,2916341,2916365,Хангёль 💔 пусть ему наконец-то повезёт,30
33654179,2916341,2916343,"F4 😭 и Пентор. В группе есть кому петь, танцевать и читать рэп, спасибо за это ✨",24
33654179,2916341,2916342,"Ну 😂
6 самых талантливых трейни против 3 самых бесталанных. В принципе, баланс соблюден",13
33654179,2916341,2916385,Пхах этот чел вайбует богатеньким избалованным наследником из манхвы),11
33654179,2916341,2916344,"9 - юджун vs сонмин vs даыль vs синсин. из четверки претендентов зрители выбрали, на мой взгляд, самого слабого. но я сама виновата, что не заложила квартиру ради дебюта майкла у, и мои фавочки ниже. но даыль мне искренне нравится, он неплохо справляется, вроде, и приятный мальчик.
8 - донхва заслужил место в группе. не хочу ни с кем спорить, у меня есть свой взгляд на ситуацию. свети ярко ❤ радует, что он может уйти в песенники, если группа провал.
7 - дзай - одна из моих самых больших человеческих симпатий на шоу. комфортнейший кот, превращающийся в харизматика на сцене 🔥
6 - хангель. я не хотела этого по понятным причинам - группа пахнет флопом. но я все равно рада, что он в очередной раз показал, чего стоит.
5 - пентор - моя самая большая любовная любовь. радует, что ему есть куда возвращаться, если тут дела не пойдут. я так рада, что это наконец-то таец! счастлива, что узнала о таком талантливом чудесном парне.
4 - синче. без комментариев.
3 - шихуан. это вообще кто? но деньги его фанатов лишними не будут.
2 - джунхеки. мой прекрасный принц, заслуживающий всего мира. ❤ социальная бабочка, влюбивший всех вокруг в себя. такой поддерживающий и многогранный парень, наблюдать за его взаимодействиями с другими и выступлениями было моей любимой частью шоу!
1 - цзыхен. заслужил, очень талантливый и трудоспособный. как личность не нравится, но и не мне с ним жить. группе имеено такой центр и нужен, факт.

название не кринж, уже радует. состав хорош. шоу местами неплохо (дружба конкурсантов вывозила), но в целом - дешманска скукота... если бы знала, не тратила время. да и финал такой жалкий и тихий получился, аж смотреть неловко было. и реакция участников новообразования друг на друга... это ор, если присмотреться. project 7 куда интереснее было смотреть. 

я бы крепко задумалась на месте многих конкурсантов, когда 2 главных пиков сбежали, роняя тапки. но пути назад уже нет 🙃 линци там, кажется, чуть не молился, чтобы в группу не попасть. я безумно рада, что fantasy boys никого не потеряли, и надеюсь на новую главу их карьеры 💪🏼 мне показалось, что именно на sb парни радовались тому, что не прошли в финальную группу.

за синсина рада. видно было, как ему буква ю и он не хочет в состав. но мне грустно с ним прощаться, к сожалению, китайские айдолы меня не интересуют (

группа хоть и будет за счет китайских фанатов держаться, но на успех не рассчитываю, если честно. жаль потраченное время мальчиков. но я буду рада ошибиться. 

хикари, майкл и джунхо должны были стоять в числе финалистов, они достойны были хотя бы этого.

ли сокен - богиня, ее голос и манера речи просто рай. так нравилось наблюдать за ее эмоциями во время выступлений ребят в разных выпусках 🥹",8
33654179,2916336,2916354,"Надеюсь он выпустит свои песни, очень люблю его творчество он слишком талантлив",15
33654179,2916336,2916393,Я думала ещё лет 10 ждать второй альбоме🤧 очень жду ♥️,2
33654179,2916336,2916340,"УРАААА, НА ЭТОТ РАЗ ТОЧНО ВЫЙДЕТ. 
А ТО ТОГДА НАШЕГО СЛОНИКА ЗАБРАЛИ АРМИЮ ВНЕЗАПНО,А ПЛАНАХ БЫЛО  ВЫПУСТИТЬ АЛЬБОМ",0
33654179,2916336,2916509,"Оу, так быстро~",0
33654179,2916336,2916545,"Уже, быстро он",0
33654179,2916291,2916293,«пытаясь соблазнить» ч т о,200
33654179,2916291,2916295,"джемин и менеджер лучшие, дали деньги на такси, чтобы оп и её знакомая не мёрзли на улице 😣",115
33654179,2916291,2916297,"Корейцам явно стоит писать стабильно фанфики, а то видеть буквально в таких незначительных вещах СТОЛЬКО...

Он же сам реально согласился, она же не настаивала, а просто спросила.",80
33654179,2916291,2916302,"она красивая и ей нереально повезло! остальное простая зависть его фанатов, иу)",64
33654179,2916291,2916296,Девушка повела себя не как Сасенка а как должна вести себя фанатка о чем говорят эти люди? А Джемин очень заботливый,56
33654179,2916286,2916292,"Очень жаль девочек 
Одни сидели в подвале и ждали редебют группы,а другие пришли из другой группы и редебютировали в этом «агентстве»
Просто трата времени талантливых девочек",62
33654179,2916282,2916408,🔥🔥🔥,1
33654179,2916275,2916283,Одумойся куда тебя несёт,19
33654179,2916275,2916360,Соболезную,4
33654179,2916270,2916285,Тэсон наконец-то 🤧,7
33654179,2916270,2916271,какая прекрасная новость ❤️,2
33654179,2916270,2916290,"Мальчики все очень нравятся. Желаю им всевозможных успехов ✊

Надеюсь, что в этот раз у Тэсона всё обязательно получится 🤧",1
33654179,2916270,2916454,НАКОНЕЦ-ТО ТЭСОН 🗣🗣🗣🗣,0
182032975,1093559,1093564,"Это ужасная катастрофа, унесшая жизни 179 человек…просто страшно представить что они чувствовали в последний момент. Самолеты считаются одним из самых безопасных видов транспорта но никогда не знаешь что может случиться не так. Соболезнования 🕊️",27
182032975,1093559,1093565,Прям под новый год. Для скольких семей ужасная трагедия.,14
182032975,1093559,1093566,"Меня ужаснул коментарий под другим постом про карму. ^Год кармы^. Трагедии никогда нельзя предугадать, это невозможно учитывая разные обстоятельства. И списывать все на карму просто низко.",6
182032975,1093559,1093569,"40 минут ехали пожарные на тушение самолета!!! 40 минут!!!
Я вспоминаю сразу паром Севоль, когда все службы, вместо помощи утопающим, ждали отмашки от начальства, чиновников и президента. Тех детей, которых спасли, вытаскивали обычные рыбаки и ныряльщицы за моллюсками. 

В Казахстане менее 10 минут прошло, а уже все были на месте: обычные люди, пожарная, скорая, мчс… благодаря им столько человек выжило ✨",6
182032975,1093559,1093563,если бы не какая-то стена….,4
182032975,1093513,1093517,"Она во всех шикарно выглядит,невозможно даже выбрать",40
182032975,1093513,1093548,"вонён все платья к лицу, но честно говоря... я не могу выкинуть из головы этот её образ в виде балерины из музыкальной шкатулки... так красиво...",15
182032975,1093513,1093542,1 абсолютно легендарно! Я тогда сохранила все возможные фотографии с этим образом,11
182032975,1093513,1093516,1 и 3,6
182032975,1093513,1093551,Мне безумно нравятся эти платья на ней,5
182032975,1093476,1093484,"Во всех странах с недвижкой дичь. Чтобы среднестатистическому жителю купить квартиру , нужно работать 24 на 7 и питаться солнечным светом . И не факт что заработаешь. Ставки растут, цены растут, а зарплаты или на месте стоят, или урезаются. А потом вопросы, а почему падает рождаемость. А попробуй проживи с детьми , еще при этом откладывая на жилье или на платеж по ипотеке",179
182032975,1093476,1093480,По-моему это повсеместно на голубом шаре,84
182032975,1093476,1093489,Зато вы рожайте при этом и желательно побольше !! Демография себя сама не поднимет. В коробке тоже нормально,74
182032975,1093476,1093483,"Сейчас по всему миру надо копить овер много лет, еще и с повышенной ставкой по ипотеке, с инфляцией и тд. Проще коробку уже купить и жить в ней.",43
182032975,1093476,1093479,Чтобы купить квартиру в Алматы надо копить всю жизнь и ещё после смерти,40
182032975,1093462,1093464,Как уютно стало с этим дизайном🥺🤍❤,7
182032975,1093443,1093451,"Просто здесь Марка есть сильный макияж смоки айс, при этом освещение играет роль. 
Но Марк и Сухен правда похожи, и выглядит очень милыее",21
182032975,1093443,1093467,"Марк красавчик, особенно рядом с другим красавчиком это заметно 😍😍😍😍",6
182032975,1093443,1093553,"На других фото они реально больше похожи, а здесь да, видимо играет роль освещение",0
182032975,1093389,1093397,"Мне очень понравился этот сезон даже больше первого, потому что раскрывает больше аспектов человеческой психологии. То что им давали голосовать после каждой игры делает выбор людей более осознанным. Они не просто крысы в клетке, они остаются в этой клетке по своему выбору. Архетипы персонажей более разнообразны. Хотя используются похожие сюжетных ходы, они обыгрываются совершенно неожиданным образом. Люди ждали того же вау эффекта, потому им было скучно, а не потому что сериал скучный. Но вы не получите тот же эффект от продолжения, потому что уже всё знаете об игре. Это в первом сезоне она являлась чем-то новым. Мой любимый персонаж - Танос. Жаль, что в третьем сезоне его не будет. А актёр, что играл 001 напомнил мне Мадса Миккельсона своими вайбами, есть между ними что-то похожее. И если после первого сезона я ждала второй больше из любопытства. Теперь я чувствую себя реальной фанаткой сериала.

Upd.
Спасибо за лайки всем бро, которым тоже понравился этот сезон. Вы лучшие.",93
182032975,1093389,1093449,Просто👍,46
182032975,1093389,1093391,"за один вечер все посмотрела, уже с первой серий было скучно, что мне пришлось с 1,5х смотреть. некоторые персонажи были прикольными, а так второй сезон реально слабее чем первый. но есть надежда на 3 сезон 

9. Это было так скучно ㅠㅠㅠ В тот момент, когда они набрали всех этих знаменитых актеров, я понял, что они уже показали нам все, что могли

кстати да, с таким составом и ожиданий больше было",44
182032975,1093389,1093401,а я довольна 😚 жду 3 сезон)),28
182032975,1093389,1093415,"вчера глянула первую серию и отвечу честно: было действительно скучновато, но это также компенсировало появление гон ю и его шедевральная актерская игра. 
но меня поражают люди, которые к твиттере удивляются его актерскому мастерству. человек столько лет в индустрии, казалось бы, о наличии таланта уже даже заикаться не стоит, а они все удивляются..",24
182032975,1093355,1093368,"Open your eyes я бы ассоциировала исключительно с дебюткой nct u) 
А название хорошее, со смыслом",42
182032975,1093355,1093436,"Следующим будет ""close your ears"" & ""shut ur mouth"" ""be for real: we win"" ахахпх..",19
182032975,1093355,1093362,"Потом привыкните)
Можно коротко CYE",5
182032975,1093355,1093360,"Это типа ""потому что самые прекрасные вещи в жизни мы не видим, а чувствуем сердцем""?)
хз, нормальное название",2
182032975,1093289,1093294,У меня реально травма со скандала с юнги🚬,124
182032975,1093289,1093344,"Обвинения в адрес BTS уже давно были опровергнуты, и правда всегда была на их стороне. Эта ситуация лишь показывает, что успех группы настолько велик, что всегда найдутся те, кто захочет очернить их имя. Но мы знаем, что BTS достигли всего честным трудом, талантом и любовью к своим фанатам.

Мне обидно, что старые истории используют, чтобы навредить их репутации, но Арми всегда будут рядом. BTS заслуживают только уважения за свою работу и честность. Мы гордимся вами и всегда верим в вас BTS💜💪🏻",87
182032975,1093289,1093302,Ехо всегда были мутными какимито,84
182032975,1093289,1093301,Многие моменты нетизены и СМИ самостоятельно раздули до состояния скандала,68
182032975,1093289,1093327,"Юнги всегда показывал, что он невероятно искренний и честный человек. Даже в такой  ситуации он не стал скрывать произошедшее, а сразу признал свою ошибку и принес извинения. Это требует большого мужества и уважения к своим фанатам и окружающим.

Ошибки случаются у всех, ведь мы все люди, но важно, как человек справляется с ними. Юнги своей реакцией еще раз доказал, что он не только талантливый артист, но и человек с большим сердцем, который умеет нести ответственность за свои поступки.

Мы любим его не за идеальность, а за его человечность, искренность и способность учиться на своих ошибках. Юнги мы всегда будем с тобой, поддерживать тебя в любых обстоятельствах. Ты для нас пример силы и честности💙",67
182032975,1093283,1093286,Только 2 выжило.. 179 человек.. Соболезнование родным🙏🙏,192
182032975,1093283,1093310,"каждый год случается что-то страшное и катострафическое, и каждый год люди пишут что-то про карму, самый ужасный год и т.д. 

шутка не шутка, но выглядит максимально нелепо и не к месту
а жертв жалко. такие катастрофы (как и другие в принципе) очень страшны",131
182032975,1093283,1093319,"Год кармы, как смешно. Люди совсем уже поехали со своей псевдонаукой, давайте вернемся в средневековье и будем сжигать неугодных по тупым причинам типа знака зодиака и во всем винить Богов, а не людей и случайное неудачное стечение обстоятельств. Каждый день умирают миллионы и это тоже их карма?",126
182032975,1093283,1093284,Какой ужас( бедные люди.,86
182032975,1093283,1093298,вчера в Казахстане Сегодня в Корее 🤦🏻‍♀️😢 Выражаю соболезнования родным🤲🏻 Теперь я боюсь садиться в самолет😶,73
182032975,1093229,1093231,"Мало кто знает, но есть лишь один ученый, которому удалось клонировать человека☺",150
182032975,1093229,1093238,"Дело тут не в этике, потому как люди слишком жадные. И если б возможно было вырастить себе новое сердце и новые нервные окончания, то мало кого интересовала бы этика. Мы все такие хорошие и правильные, пока беда не коснется нас и наших близких. Просто весь этот замут со стволовыми клетками оказался намного сложнее, чем люди представляли себе. Хотя, может быть, я ошибаюсь, и где-то уже сейчас есть «Остров» с клонами богачей в качестве запасных деталей)))",89
182032975,1093229,1093237,"В тт видела как девушка клонировала свою погибшую кошку и она 1 в 1, как прошлая. Понять можно, но для меня это странно, ведь ты любишь именно то животное, что было с тобой тогда…",53
182032975,1093229,1093234,"Какие правильные слова. Очень жаль, что такое происходило в реальном современном мире. Настолько националистическая гордыня велика у этого народа, я в шоке со статьи и с последствит. И спасибо за статью",32
182032975,1093229,1093268,"По-моему, он и в Россию приезжал, обещал якутским учёным клонировать мамонта",7
182032975,1093149,1093160,Эти глаза невозможно забыть,127
182032975,1093149,1093165,Она была очень красивая,92
182032975,1093149,1093189,"Лучшая Джульетта😭😭😭
Земля пухом😭",10
182032975,1093149,1093176,"Боже я так испугалась заголовка, вспоминала у кого в к-поп имя Оливия...",4
182032975,1093149,1093182,"Да ладно.... Земля ей пухом, так жалко",3
182032975,1093126,1093304,"под пост про ньюджинс и аэропорт зайти — как в дерьмо окунуться. потом ру-комментаторы будут жаловаться, что к-нетизены, которых уже в этом паблике переводят, злые и ужасные, но сами при этом не лучше. 🫡",7
182032975,1093126,1093198,"Надеюсь, меня в аньен забанят за плохое поведение😊",0
182032975,1093126,1093549,"Почему в ситуации в аэропорту с НД опять виноваты другие? Видно же, что там фанаты неадекватно себя вели. Фандом большой, несколько ненормальных (а то и много) найдется. К сожалению, через это проходят многие популярные группы, нужно или усилить охрану, или на уровне закона запретить это (но это на грани фантастики)",0
182032975,1093035,1093061,"Pann это помойка для хейтерских комментов. И нашли крайнего в лице Хайба, ага😂
Закроем глаза на заказуху какао и см. Все святые кроме Хайба",147
182032975,1093035,1093039,"^Все фанаты айдолов знают, кто стоит за негативной принудительной вирусностью, даже если так, давайте притворимся, что мы не знаем...^",144
182032975,1093035,1093080,"Панн давно известен как площадка для хейтеров. 
Достаётся и мужским и женским группам. 
Но смешно, что даже здесь решили приплести хайб, когда буквально недавно был пост с панн, где комментаторы оправдывали травлю на ЛСФ. Вот про них я не помню положительных статей, увы. Впрочем, как и на зеку, где главенствуют определённые фд и штампуют комментарии в сторону Серафимок, Айлит и так далее. 
Но это неудивительно, учитывая недавнюю информацию мхд и нанятом ею пиар агентстве (услугами которыми пользовались ещё см, клепая статьи про хайб). 

Только вот паннчоа не переведёт про это статьи)

 upd. Специально прошлась по недавним статьям. 
Комментаторы боготворят Карину, поддерживают НД и (снова) бросаются на Айлит с ЛСФ. 
Если Хайб и за это заплатил, то передайте ему, что деньги уходят не туда, не за тех артистов уплочено 🙂",125
182032975,1093035,1093038,"По-моему, панн—это площадка для ненависти, там хейтят абсолютно всех",121
182032975,1093035,1093041,"Статьи Карины штампируют ночью,а на утро уже появляется список в топе форума с одинаковым колличеством лайков.

Хейт Карины слишком форсированный, айдол аллраундер, внешность, звёздный фактор, характер.Не участвует не в каких разборках даже косвенно.
Буквально ноль смысла хейта",121
162413784,1411279,1411286,"Севен хитяра, помню как вчера этот дебют
Уже второй год в чартах",33
162413784,1411279,1411290,Невероятно успешный и трудолюбивый Чонгуки 💜заслужил свой золотой успех 💜,9
162413784,1411279,1411293,Ну так легенда💜👑,6
162413784,1411279,1411283,,3
162413784,1411279,1411284,💜💜💜,2
162413784,1411271,1411278,"меня бесит, когда пишут, что хотят такие худые тела как у айдолов, восхищаются фигурами, не понимая какой это вред для здоровья. а потом ещё и говорят, что та же чонен поправилась из-за болезни и не заслуживает быть айдолкой, потому что они должны быть идеальными и всё.",75
162413784,1411271,1411301,"На днях читала новости о китайской актрисе Чжао Лусы  которая сейчас в больнице предположительно из-за экстремального похудения в условиях неадекватно загруженого графика, она настолько загоняла себя бесконечными съёмками и диетами до 35кг что организм уже просто не выдержал. Из-за хейта в сторону её внешности она довела себя до такого  истощения что даже не может ходить и говорить. 
Она моя любимая актриса, безумно талантливая, я очень переживаю за неё.
Эти неадекватные стандарты доводят людей до пугающего саморазрушения.",26
162413784,1411271,1411274,"Как человек, который сама пережила процесс потери веса, мне очень больно читать такие истории. С одной стороны, я восхищаюсь их упорством и трудом, но с другой — шокируюсь тем, как индустрия красоты и K-pop ставит артистов в такие экстремальные условия. Потеря 20 кг для меня была сложным, но осознанным процессом: я старалась следить за своим здоровьем, сбалансировать питание и заниматься спортом. Читать, что айдолы доводят себя до анорексии, обмороков и серьёзных болезней, чтобы соответствовать жестоким стандартам, — это ненормально. Эти нереалистичные формулы, типа “рост минус 120”, совершенно абсурдны и губительны. Вместо того чтобы ценить их талант и харизму, общество фокусируется на внешности, что разрушает их физическое и ментальное здоровье.
Мне хочется, чтобы стандарты красоты менялись, и чтобы индустрия поддерживала артистов в заботе о себе, а не заставляла их жертвовать своим телом и душой ради чужих ожиданий. Мы, как фанаты, должны поддерживать их за то, какие они есть, а не требовать нереальных идеалов.",17
162413784,1411271,1411276,О чем вообще думает начальство когда заставляет идти на такое и доводят девочек до скорой и больниц,7
162413784,1411271,1411297,"Как же это ужасно, спасибо девушкам за открытый разговор об этом, хорошо, что создаются такие фильмы. Очень надеюсь, что будут какие-то подвижения, хотя бы по чуть-чуть. Это очень нездорОво и опасно для здоровья, не понимаю вообще этого культа и этого зацикливания на цифрах (у кого о банально тяжелая кость или мышцы, которые тяжелее жира)",6
162413784,1411196,1411224,👍👍👍,0
162413784,1411191,1411192,"Команда Берни сейчас выглядит как настоящая «пси-операция», потому что ни одно из их действий так и не принесло никакой пользы для их стороны. Их главное достижение — обращение в Национальную Ассамблею (NA) — лишь привлекло негативное внимание к Ханни, а все подозрительные действия HYBE, которые, по слухам, были посеяны пиар-кампанией Маccol, теперь по одному опровергаются благодаря самим петициям команды Берни😂",183
162413784,1411191,1411211,"Это правда забавно
Уже второй случай, когда по жалобам фанатов нд и мхд выходит опровержение, такими темпами эти фанаты добьются того, что Хайб признают вообще самым самым😂
Это из категории «хотели как лучше, а получилось как всегда…» только по отношению к себе. Высшее проявление медвежьей услуги для тех, кого как предполагается оно хотели защитить этими жалобами и петициями. 
Но одно ясно как день, если бы не жалобы эти, у фанатов было бы куча поводов для спекуляций в дальнейшем, они сами лишили себя этого…и дали хайбу возможность опровергнуть «косвенные» обвинения через гос инстанции и регуляторов на законных основаниях. Это фиаско…🥹",170
162413784,1411191,1411195,Спасибо баннисам за помощь в восстановлении репутации хайба😊,164
162413784,1411191,1411199,Спасибо ещё раз всем банисам за помощь в восстановлении репутации  хайб. Они помогают уже в 3 раз 🌸,121
162413784,1411191,1411207,"Как я говорила ранее: обошлись фигово? Собирай доказательства и топай в суд. Если бы там было что-то из ряда вон, то Хайбу влетело бы. А так… только себе хуже сделали.
Да фанаты будут кричать всё купили, использовали лазейки и тд. Но с другой стороны известны случаи, когда доказана вина компании была и был суд. А не как тут: ляля.
Терпеть не могу беспочвенное трепание языком.
Конечно с января начнется новый сезон разбирательств и прочего, но это уже будет немного другая история.
Главное, что эта позади.",109
162413784,1411119,1411123,нормально....заканчиваем год проебами😂,491
162413784,1411119,1411128,"""Актёр был очень шокирован, и он глубоко сожалеет о том, что допустил такую ошибку в сложившейся ситуации.."" ну еще бы😆 мы бы все паничку словили если б так..промахнулись🙃😨😂",289
162413784,1411119,1411121,Ой как неловко ааххаха,178
162413784,1411119,1411122,"То, что у него есть это в телефоне, не удивительно. Man есть man",151
162413784,1411119,1411136,Инста такая сложная © Мин Юнги,128
33654179,2917321,2917323,"Фанаты НД уже третий раз постарались для компании, молодцы👍🏻👍🏻👍🏻
Пожалуйста, продолжайте повышать репутацию Хайбу✊🏻😂",67
33654179,2917321,2917349,"Все остальные группы/айдолы спокойно доказывают свою
правоту в суде. 

И только Хайб, как обычно, купил всю законодательную/судебную/правовую систему в Корее, ага😂
Ох, уж этот Хайб и БШХ - малышам джинсам и их мамке спокойно жить не даёт😁",44
33654179,2917321,2917350,"Оправдания, которые кидают Банисы, проиграв:
1. Хайб всё и всех купил
2. Хайб сыграл в гольф
3. Хайб нашел лазейку
И никто из банисов не подумал, что оказывают NJ медвежью услугу
Супер ребят, топите дальше их. Если девочек и жалко, то из-за их фандома",37
33654179,2917321,2917346,"Ну как по мне термин ""травля"" изначально было не правильно применять. Конфликт двух человек, неэтичное поведение менеджера, заслуживающее штрафа - это да. Но всё же это единичный случай и только от одного человека, на травлю совершенно не тянет. Но законы в Корее, конечно, жесть, особенно если ты не постоянный работник",20
33654179,2917321,2917328,"Сколько денег занесли? Видно, что немало. Ибо после всего, тех отчётов... это выглядит как клоунизм. Коррупция процветает.",14
33654179,2917319,2917322,Как же потрясающе красиво он поёт,15
33654179,2917319,2917320,"Классная песня, очень долго ее слушала 🩵",11
33654179,2917319,2917379,,0
33654179,2917304,2917305,"Нет, вроде как материалы пл типу тиезров должны были выйти начиная с 1го",2
33654179,2917304,2917315,"слева и по центру в верхнем ряду, из-за масок на кихо и ники похожи 🤭",1
33654179,2917304,2917308,надеюсь это мальчики из LOUD,0
33654179,2917304,2917312,"Интересно насколько вырос Кейджу, во время шоу он ведь самый мелкий был 🤗",0
33654179,2917304,2917403,мне кажется этот парень будет самым популярным участником,0
33654179,2917268,2917285,"Соджон, удачи 💙
Лучшая вокалистка отлично сыграет",1
33654179,2917268,2917275,Воу удачи хотелось бы посмотреть мбюзикл,0
33654179,2917249,2917252,"БОЛЬШЕ БЭКХЕНА!!! ЕЩЕ БОЛЬШЕ!!! этот гений даже трансляции свои делает такими что не-фанаты едва держатся чтобы не заорать, жду шоу",31
33654179,2917249,2917250,Король развлекательных шоу Бëн Бэкхëн было бы классно его там увидеть.,22
33654179,2917249,2917299,"На самом деле, это даже преступление, что с Бэкхёном так мало развлекательных шоу",8
33654179,2917249,2917274,"Я не фанат, но обязательно посмотрю",3
33654179,2917249,2917289,Вау жду очнье люблю эту шоу так скажем ждемс Бэкхёна на шоу❤🤗✊,3
33654179,2917168,2917177,"10. Я надеюсь группа будет провальной и их сразу распустят, чтоб уже освободить Hangyul от этого всего.

Ну да, очередной провал это определенно то, что он хочет",236
33654179,2917168,2917174,"всё, что с ним происходит, это так несправедливо 💔 Хангёль не заслужил такого кошмара",121
33654179,2917168,2917170,Видя как он потух с первых шлу очень больно.,85
33654179,2917168,2917169,Бедный парень надеюсь у него все будет хорошо это так тяжело,67
33654179,2917168,2917220,"Талантливый, но до ужаса невезучий. 
Вообще, с Х1 несправедливо поступили. Нужно было дождаться окончания контрактов, ведь это была не их вина.",59
33654179,2917154,2917166,"Мир никогда не будет безопасным для нейроотличных и инвалидов. Нейроотипики всегда будут создавать условия только для себя пока нейроотличные страдают пытаясь выжить в этом мире. Мы все ещё живём мире, где люди считают своим долгом ""пошутить"" над аутистами/сдвг или использовать как оскорбления ""критикуя"" наши стиминги.",52
33654179,2917154,2917156,"Выглядит не очень, не знаю даже, какое у этого может быть оправдание",39
33654179,2917154,2917171,"Да Пыня он хороший парень правда не думаю что он хотел кого то оскорбить но ему надо подбирать шутки и слова более обдуманно.
Это действительно не приятно",35
33654179,2917154,2917200,"Про сионизм они блин вспомнили, обидчивые наши 🤦‍♀

Пенёк просто иногда как ляпнет, но обидеть никого он уж точно не хотел.",14
33654179,2917154,2917242,"Я может тупая, но вообще не поняла ситуацию… Он сказал, что он «не медленный человек» и сделал эти жесты, как пародию на людей с аутизмом? Или к чему это вообще?",11
33654179,2917131,2917132,"Очень грустно, конечно, потому что сильно ждала коллаб девочек, но понимаю, что сейчас совсем не к месту была бы данная программа 🥲",15
33654179,2917131,2917157,"Не лучше было бы отложить само проведение? По факту получается, что пока траур, будут танцы, песни, даже если это не покажут по телевизору",5
182032975,1094203,1094230,"Вау, вы не сделали отдельный пост про Хайб, а кинули ссылку на другой паблик. А что так? Подписота не в восторге от новости?",0
182032975,1094147,1094163,"Забавно, что из всех перечисленных людей Топа хейтят сильнее всех, хотя единственный, кому он навредил - это он сам",166
182032975,1094147,1094170,"Актёры - не айдолы, им всё сходит с рук, аж бесит",48
182032975,1094147,1094156,почувствовали свои роли на максимум,28
182032975,1094147,1094149,"В защиту Сонхуна скажу, что в инсте как вк каждый божий день обновления и не находишь нужные кнопки сразу. То что он опубликовал это в сторис не значит что он употреблял сам намеренно такой контент. Все же мы знаем что многие месседжеры сразу сохраняют медиафайлы в телефон. Поэтому то что он признался что сам загрузил и что ошибся больше похоже на правду чем все высосали

P.s. надо отменять всех тех кого тут упомянули, но никак не Сонхуна, ГонЮ (каждый имеет право на свое личное мнение, он никому не принес вреда) и Топа. Топ и его персонаж/игра были буквально мвп целого сезона, алло.

P.s.s очень люблю игру ЛБХ(читайте как Санту) но его проеб нельзя не признать.",26
182032975,1094147,1094151,"Понятно, все сыграли себя",25
182032975,1094131,1094135,"Я с этой костной структуры до сих пор не могу 🤣🤣 скоро уже на премиях будут раздавать дэсан за лучшую костную структуру, награда за голову перепела…",128
182032975,1094131,1094186,Вонëн и Даа в одном кадре  мои глаза двоились. Генетика Чан не шутки.,30
182032975,1094131,1094182,Сестры Чан🥰,28
182032975,1094131,1094150,"1. [+23, -2] Старшая сестра Розэ - дэбак. Как она может быть юристкой? Жизнь чертовски несправедлива;;;;;;;; 
 
Ну, не все должны быть айдолами🙄",17
182032975,1094131,1094208,сестры пак лучшие🫂,10
182032975,1094060,1094062,"Голубое для меня самый топ, но она во всех прекрасна)",28
182032975,1094060,1094087,Эти два,19
182032975,1094060,1094061,ей идет абсолютно все 🥺🙏🏻,14
182032975,1094060,1094090,Шикарная девушка!!! Ей все идёт.,9
182032975,1094060,1094112,я предпочитаю юджин в пиджаках,7
182032975,1094046,1094049,"Ну мне кажется это больше связано с тем, что женщины склонны к самопожертвованию ради других. В самой Игре всегда меньше женщин, потому что им нужна очень веская причина в это ввязаться. Потому они чаще делают это ради близких. В то же время мужчины, им для мотивации достаточно жадности и эгоизма. Хёнджу, которую тут расхвалили, присоединяется к игре ради себя, ничего особенного. Не такой уж сложный персонаж, но трансовость хорошо прописали, ибо даже на пороге смерти волноваться, что в тебе увидят мужчину (момент с просьбой отвернуться), очень типично для них.",109
182032975,1094046,1094051,"Но там не у всех женщин мотивация была в детях… девочка, которую застрелили из-за того, что ее толкнули, и она не успела забежать в комнату, ничего о детях не упоминала
Ниже дополнили, что у шаманки и девочки с пирсингом тоже таких историй не было. Так что мимо, это мимо все",45
182032975,1094046,1094055,Повод для обсера настолько из пальца высосан...,38
182032975,1094046,1094086,"Господи кымджа(мать которая ввязалась в это из-за сына) просто бесподобна
Такая теплая женщина вызывающая сочувствие 
Очень понравился персонаж",34
182032975,1094046,1094057,"Уже придераются ко всему подряд, женские персы отличные, особенно бабулька",24
182032975,1094026,1094031,"Да как обычно от YG будут модели или бывшие стажёры 😎
Ну а насчёт Соён. Она скорее исключение, чем правило. Участив в шоу на выживание не гарантирует успеха. Да что там, даже выход в финал и попадание во временную группу это не гарантируют. Сколько участниц IOI сейчас успешны? Соми, Чонха, Сэджон и всё пожалуй.",21
182032975,1094026,1094028,KQ и YG 🫨,16
182032975,1094026,1094030,А zb1 разве не популярны в Корее?,16
182032975,1094026,1094085,"Я думаю YG определились с составом новой мужской групппы и отправляют стажера который не был добавлен в группу, это хорошая возможность для него , если уйдет из yg, его приметят другие агенства, например их бывшие трейни в основном идут в cube.",10
182032975,1094026,1094041,"Многим шоу на выживание карьеру поломали, если можно так выразиться.
Идут туда  чтобы стать хоть чуть-чуть популярнее, а в итоге ничего. Только группу разделяют 
Как в случае up10tion когда двоих в соло отправили",4
182032975,1093801,1093812,"случайно опубликовать такой контент, когда в стране траур и все скорбят. мда, гений, теперь огребет по полной",238
182032975,1093801,1093905,Сколько порно зависимых в комментариях прибежало защищать эту мерзкую индустрию 🤢,200
182032975,1093801,1093808,"корейские мужики и их вечное проигрывание челленджа ""быть нормальным человеком""",145
182032975,1093801,1093811,"я решила посмотреть этот сезон только из-за его персонажа хотя говорила себе что не буду потому что абсолютно весь мужской каст состоит из преступников.. и вот снова мэны делают очередную хрень,теперь верните мне мое потраченное время🥲 
тем более публиковать  что-либо в такое время когда вся страна скорбит??",113
182032975,1093801,1093851,Всех му актеров кальмара надо отправить на реальную игру,92
182032975,1093786,1093806,"20. [+10, -2] Лучшая костная структура в индустрии.

этот коммент выглядит как название награды в конце года на корейской премии 😅 лучшая костная структура в индустрии, лучший жкт в индустрии, почки года. всё никак не привыкну к их комплиментам 😆
Хёнджин красавчик 👍",113
182032975,1093786,1093794,"Хенджин it boy 4 поколения, папа, король🔥
Ну кто еще мог просто состричь волосы и стать главной звездой последних дней😀 Он такой шикарный с этой длиной волос, я не могу наглядеться🤤 
И что мне больше всего нравится в нем, так это то, что ему плевать на мнение других, захотел состричь волос - сделал, и ведь даже по его ауре сейчас ощущается что он кайфует от себя🔥
Залетел в мировые тренды, набрал бешеное количество лайков в инсте, завирусился в Корее, Японии и вообще по всему миру)",110
182032975,1093786,1093798,"Мало кого из молодого поколения (4 и 5 я имею ввиду) я еще могу представить с бритой головой, но не удивлюсь, если это станет трендом, учитывая реакцию общественности на стрижку Хенджина 😀 Всегда считала Хенджина красивым парнем, но сейчас с короткой стрижкой он прям для меня по новому раскрылся) ему очень идет, надеюсь подольше получится насладиться такой длиной😀",70
182032975,1093786,1093813,"экспериментирует со стилем. красив, что бы ни сделал",55
182032975,1093786,1093791,"Как же он хорош, я не могууууу🤤",52
182032975,1093678,1093682,как же ужасно завершается этот год. сил и соболезновения всем близким и родным этих людей :с это звучит так грустно и больно.,174
182032975,1093678,1093694,"целый день думала о Южной Корее, в тот раз в Актау, теперь тут 😭

боюсь вообще думать, что чувствовали люди на борту, пусть упокоятся их души 🙏",57
182032975,1093678,1093702,"Кто-то написал что некоторые пассажиры были молодыми к-поп фанатами, возвращающимся с AAA в Бангкоке...:(",49
182032975,1093678,1093768,"И так страшно летать на самолётах и тут ещё столько разбившихся самолётов за последнее время 😢, бедные люди,такое горе.",10
182032975,1093678,1093770,"Очень жаль родных и близких погибших, им сейчас неимоверно больно. Никакие соболезнования не уймут эту боль - только время.  Так жалко их.",3
37589367,442537,442545,"Разочарована в Чон Усоне. Я считаю, что, если ты мужчина, то ОБЯЗАН высказаться и защитить девушку (хотя бы как мать ребенка), с которой встречался и с которой осознанно решил завести потомство. 

Корейское общество, как всегда, бьет днище. Почему она должна объясняться, почему должна доказывать, что её ребенок не ошибка? С чего бы людям перешептываться о ней за её спиной? 

Как всегда, мужчинам все дается легко в этой жизни.

Надеюсь, что Габи и её ребенок будут здоровы и счастливы ❤️",94
37589367,442537,442557,"Да это их дело. Не требовала, а зачем сделала все, что бы об этом узнали. Он тоже, тот еще ходок. 51 год, девка молодая, красивенная, что надо? Нам их не понять.",3
